{
    "parameters": [
        {
            "expr": "0,2",
            "name": "W3",
            "value": "0.2"
        },
        {
            "expr": "0,4",
            "name": "S3",
            "value": "0.4"
        },
        {
            "expr": "0,6",
            "name": "S4",
            "value": "0.6"
        },
        {
            "expr": "34,8",
            "name": "L1",
            "value": "34.8"
        },
        {
            "expr": "0,2",
            "name": "W2",
            "value": "0.2"
        },
        {
            "expr": "0,2",
            "name": "S2",
            "value": "0.2"
        },
        {
            "expr": "2",
            "name": "L2",
            "value": "2"
        },
        {
            "expr": "24,1",
            "name": "L3",
            "value": "24.1"
        },
        {
            "expr": "0,3",
            "name": "S1",
            "value": "0.3"
        },
        {
            "expr": "1,4",
            "name": "W1",
            "value": "1.4"
        }
    ],
    "version": 1
}