{
   "execution": {
      "classname": "SMAPowerByEmagHPCFrame",
      "libname": "SMAPowerByEmagUI"
   },
   "inputVariables": [
      {
         "name": "W3",
         "type": "string",
         "value": "0,2"
      },
      {
         "name": "S3",
         "type": "string",
         "value": "0,4"
      },
      {
         "name": "S4",
         "type": "string",
         "value": "0,6"
      },
      {
         "name": "L1",
         "type": "string",
         "value": "34,8"
      },
      {
         "name": "W2",
         "type": "string",
         "value": "0,2"
      },
      {
         "name": "S2",
         "type": "string",
         "value": "0,2"
      },
      {
         "name": "L2",
         "type": "float",
         "value": 2.0
      },
      {
         "name": "L3",
         "type": "string",
         "value": "24,1"
      },
      {
         "name": "S1",
         "type": "string",
         "value": "0,3"
      },
      {
         "name": "W1",
         "type": "string",
         "value": "1,4"
      }
   ],
   "outputVariables": []
}