{
    "anchorpoints": [],
    "portpins": [
        {
            "name": "1",
            "position": [
                0.0,
                2.2999999999999994,
                3.2805
            ],
            "rotation": [
                0.0,
                0.0,
                -1.0,
                -0.0,
                1.0,
                0.0,
                1.0,
                0.0,
                0.0
            ]
        },
        {
            "name": "2",
            "position": [
                77.4,
                -2.5999999999999996,
                3.280499999999974
            ],
            "rotation": [
                0.0,
                0.0,
                1.0,
                0.0,
                1.0,
                0.0,
                -1.0,
                -0.0,
                -0.0
            ]
        }
    ],
    "version": 7
}