{
    "general": {
        "version": "2024.1",
        "date": "2023-10-16",
        "acis": "33.0.1",
        "buildnumber": "20231016",
        "project_type": "MWS",
        "length": "mm",
        "frequency": {
            "unit": "GHz",
            "minimum": "1",
            "maximum": "3",
            "minimum_expr": "1",
            "maximum_expr": "3"
        },
        "time": "ns",
        "created": "2024.1|33.0.1|20231016"
    },
    "history": [
        {
            "caption": "define material: Copper (annealed)",
            "version": "2024.1|33.0.1|20231016",
            "hidden": false,
            "type": "vba",
            "code": [
                "With Material",
                "     .Reset",
                "     .Name \"Copper (annealed)\"",
                "     .Folder \"\"",
                "     .FrqType \"static\"",
                "     .Type \"Normal\"",
                "     .SetMaterialUnit \"Hz\", \"mm\"",
                "     .Epsilon \"1\"",
                "     .Mu \"1.0\"",
                "     .Kappa \"5.8e+007\"",
                "     .TanD \"0.0\"",
                "     .TanDFreq \"0.0\"",
                "     .TanDGiven \"False\"",
                "     .TanDModel \"ConstTanD\"",
                "     .KappaM \"0\"",
                "     .TanDM \"0.0\"",
                "     .TanDMFreq \"0.0\"",
                "     .TanDMGiven \"False\"",
                "     .TanDMModel \"ConstTanD\"",
                "     .DispModelEps \"None\"",
                "     .DispModelMu \"None\"",
                "     .DispersiveFittingSchemeEps \"Nth Order\"",
                "     .DispersiveFittingSchemeMu \"Nth Order\"",
                "     .UseGeneralDispersionEps \"False\"",
                "     .UseGeneralDispersionMu \"False\"",
                "     .FrqType \"all\"",
                "     .Type \"Lossy metal\"",
                "     .SetMaterialUnit \"GHz\", \"mm\"",
                "     .Mu \"1.0\"",
                "     .Kappa \"5.8e+007\"",
                "     .Rho \"8930.0\"",
                "     .ThermalType \"Normal\"",
                "     .ThermalConductivity \"401.0\"",
                "     .SpecificHeat \"390\", \"J/K/kg\"",
                "     .MetabolicRate \"0\"",
                "     .BloodFlow \"0\"",
                "     .VoxelConvection \"0\"",
                "     .MechanicsType \"Isotropic\"",
                "     .YoungsModulus \"120\"",
                "     .PoissonsRatio \"0.33\"",
                "     .ThermalExpansionRate \"17\"",
                "     .Colour \"1\", \"1\", \"0\"",
                "     .Wireframe \"False\"",
                "     .Reflection \"False\"",
                "     .Allowoutline \"True\"",
                "     .Transparentoutline \"False\"",
                "     .Transparency \"0\"",
                "     .Create",
                "End With"
            ]
        },
        {
            "caption": "new component: component1",
            "version": "2024.1|33.0.1|20231016",
            "hidden": false,
            "type": "vba",
            "code": [
                "Component.New \"component1\""
            ]
        },
        {
            "caption": "define brick: component1:Ground",
            "version": "2024.1|33.0.1|20231016",
            "hidden": false,
            "type": "vba",
            "code": [
                "With Brick",
                "     .Reset ",
                "     .Name \"Ground\" ",
                "     .Component \"component1\" ",
                "     .Material \"Copper (annealed)\" ",
                "     .Xrange \"0\", \"50+L1-5.4-L2\" ",
                "     .Yrange \"-0.5*S1\", \"W1+W1+S2+7\" ",
                "     .Zrange \"0\", \"0.035\" ",
                "     .Create",
                "End With"
            ]
        },
        {
            "caption": "define material: substrate",
            "version": "2024.1|33.0.1|20231016",
            "hidden": false,
            "type": "vba",
            "code": [
                "With Material ",
                "     .Reset ",
                "     .Name \"substrate\"",
                "     .Folder \"\"",
                "     .Rho \"0\"",
                "     .ThermalType \"Normal\"",
                "     .ThermalConductivity \"0\"",
                "     .SpecificHeat \"0\", \"J/K/kg\"",
                "     .DynamicViscosity \"0\"",
                "     .UseEmissivity \"True\"",
                "     .Emissivity \"0\"",
                "     .MetabolicRate \"0.0\"",
                "     .VoxelConvection \"0.0\"",
                "     .BloodFlow \"0\"",
                "     .Absorptance \"0\"",
                "     .MechanicsType \"Unused\"",
                "     .IntrinsicCarrierDensity \"0\"",
                "     .FrqType \"all\"",
                "     .Type \"Normal\"",
                "     .MaterialUnit \"Frequency\", \"GHz\"",
                "     .MaterialUnit \"Geometry\", \"mm\"",
                "     .MaterialUnit \"Time\", \"ns\"",
                "     .MaterialUnit \"Temperature\", \"degC\"",
                "     .Epsilon \"4.5\"",
                "     .Mu \"1\"",
                "     .Sigma \"0\"",
                "     .TanD \"0.0\"",
                "     .TanDFreq \"0.0\"",
                "     .TanDGiven \"False\"",
                "     .TanDModel \"ConstTanD\"",
                "     .SetConstTanDStrategyEps \"AutomaticOrder\"",
                "     .ConstTanDModelOrderEps \"3\"",
                "     .DjordjevicSarkarUpperFreqEps \"0\"",
                "     .SetElParametricConductivity \"False\"",
                "     .ReferenceCoordSystem \"Global\"",
                "     .CoordSystemType \"Cartesian\"",
                "     .SigmaM \"0\"",
                "     .TanDM \"0.0\"",
                "     .TanDMFreq \"0.0\"",
                "     .TanDMGiven \"False\"",
                "     .TanDMModel \"ConstTanD\"",
                "     .SetConstTanDStrategyMu \"AutomaticOrder\"",
                "     .ConstTanDModelOrderMu \"3\"",
                "     .DjordjevicSarkarUpperFreqMu \"0\"",
                "     .SetMagParametricConductivity \"False\"",
                "     .DispModelEps  \"None\"",
                "     .DispModelMu \"None\"",
                "     .DispersiveFittingSchemeEps \"Nth Order\"",
                "     .MaximalOrderNthModelFitEps \"10\"",
                "     .ErrorLimitNthModelFitEps \"0.1\"",
                "     .UseOnlyDataInSimFreqRangeNthModelEps \"False\"",
                "     .DispersiveFittingSchemeMu \"Nth Order\"",
                "     .MaximalOrderNthModelFitMu \"10\"",
                "     .ErrorLimitNthModelFitMu \"0.1\"",
                "     .UseOnlyDataInSimFreqRangeNthModelMu \"False\"",
                "     .UseGeneralDispersionEps \"False\"",
                "     .UseGeneralDispersionMu \"False\"",
                "     .NLAnisotropy \"False\"",
                "     .NLAStackingFactor \"1\"",
                "     .NLADirectionX \"1\"",
                "     .NLADirectionY \"0\"",
                "     .NLADirectionZ \"0\"",
                "     .Colour \"0\", \"1\", \"1\" ",
                "     .Wireframe \"False\" ",
                "     .Reflection \"False\" ",
                "     .Allowoutline \"True\" ",
                "     .Transparentoutline \"False\" ",
                "     .Transparency \"0\" ",
                "     .Create",
                "End With"
            ]
        },
        {
            "caption": "define brick: component1:substrate",
            "version": "2024.1|33.0.1|20231016",
            "hidden": false,
            "type": "vba",
            "code": [
                "With Brick",
                "     .Reset ",
                "     .Name \"substrate\" ",
                "     .Component \"component1\" ",
                "     .Material \"substrate\" ",
                "     .Xrange \"0\", \"50+L1-5.4-L2\" ",
                "     .Yrange \"-0.5*S1\", \"W1+W1+S2+7\" ",
                "     .Zrange \"0.035\", \"0.835\" ",
                "     .Create",
                "End With"
            ]
        },
        {
            "caption": "define brick: component1:solid1",
            "version": "2024.1|33.0.1|20231016",
            "hidden": false,
            "type": "vba",
            "code": [
                "With Brick",
                "     .Reset ",
                "     .Name \"solid1\" ",
                "     .Component \"component1\" ",
                "     .Material \"Copper (annealed)\" ",
                "     .Xrange \"5\", \"5+L1\" ",
                "     .Yrange \"0\", \"W1\" ",
                "     .Zrange \"0.835\", \"0.835+0.035\" ",
                "     .Create",
                "End With"
            ]
        },
        {
            "caption": "define brick: component1:solid2",
            "version": "2024.1|33.0.1|20231016",
            "hidden": false,
            "type": "vba",
            "code": [
                "With Brick",
                "     .Reset ",
                "     .Name \"solid2\" ",
                "     .Component \"component1\" ",
                "     .Material \"Copper (annealed)\" ",
                "     .Xrange \"0\", \"5+L1-L2\" ",
                "     .Yrange \"W1+S2\", \"W1+S2+W1\" ",
                "     .Zrange \"0.835\", \"0.835+0.035\" ",
                "     .Create",
                "End With"
            ]
        },
        {
            "caption": "pick end point",
            "version": "2024.1|33.0.1|20231016",
            "hidden": false,
            "type": "vba",
            "code": [
                "Pick.PickEndpointFromId \"component1:solid2\", \"2\""
            ]
        },
        {
            "caption": "align wcs with point",
            "version": "2024.1|33.0.1|20231016",
            "hidden": false,
            "type": "vba",
            "code": [
                "WCS.AlignWCSWithSelected \"Point\""
            ]
        },
        {
            "caption": "define brick: component1:solid3",
            "version": "2024.1|33.0.1|20231016",
            "hidden": false,
            "type": "vba",
            "code": [
                "With Brick",
                "     .Reset ",
                "     .Name \"solid3\" ",
                "     .Component \"component1\" ",
                "     .Material \"Copper (annealed)\" ",
                "     .Xrange \"0\", \"-(L1-L2+S4)\" ",
                "     .Yrange \"0\", \"-(W1-W2)\" ",
                "     .Zrange \"0\", \"-0.035\" ",
                "     .Create",
                "End With"
            ]
        },
        {
            "caption": "boolean subtract shapes: component1:solid2, component1:solid3",
            "version": "2024.1|33.0.1|20231016",
            "hidden": false,
            "type": "vba",
            "code": [
                "Solid.Subtract \"component1:solid2\", \"component1:solid3\""
            ]
        },
        {
            "caption": "activate global coordinates",
            "version": "2024.1|33.0.1|20231016",
            "hidden": false,
            "type": "vba",
            "code": [
                "WCS.ActivateWCS \"global\""
            ]
        },
        {
            "caption": "define brick: component1:solid3",
            "version": "2024.1|33.0.1|20231016",
            "hidden": false,
            "type": "vba",
            "code": [
                "With Brick",
                "     .Reset ",
                "     .Name \"solid3\" ",
                "     .Component \"component1\" ",
                "     .Material \"Copper (annealed)\" ",
                "     .Xrange \"10\", \"L1+5-L2\" ",
                "     .Yrange \"S3+W3+W3\", \"W1-W3\" ",
                "     .Zrange \"0.835\", \"0.835+0.035\" ",
                "     .Create",
                "End With"
            ]
        },
        {
            "caption": "boolean subtract shapes: component1:solid1, component1:solid3",
            "version": "2024.1|33.0.1|20231016",
            "hidden": false,
            "type": "vba",
            "code": [
                "Solid.Subtract \"component1:solid1\", \"component1:solid3\""
            ]
        },
        {
            "caption": "define brick: component1:solid3",
            "version": "2024.1|33.0.1|20231016",
            "hidden": false,
            "type": "vba",
            "code": [
                "With Brick",
                "     .Reset ",
                "     .Name \"solid3\" ",
                "     .Component \"component1\" ",
                "     .Material \"Copper (annealed)\" ",
                "     .Xrange \"10\", \"5+L1-L2\" ",
                "     .Yrange \"W3\", \"W3+S3\" ",
                "     .Zrange \"0.835\", \"0.835+0.035\" ",
                "     .Create",
                "End With"
            ]
        },
        {
            "caption": "boolean subtract shapes: component1:solid1, component1:solid3",
            "version": "2024.1|33.0.1|20231016",
            "hidden": false,
            "type": "vba",
            "code": [
                "Solid.Subtract \"component1:solid1\", \"component1:solid3\""
            ]
        },
        {
            "caption": "pick end point",
            "version": "2024.1|33.0.1|20231016",
            "hidden": false,
            "type": "vba",
            "code": [
                "Pick.PickEndpointFromId \"component1:solid1\", \"27\""
            ]
        },
        {
            "caption": "align wcs with point",
            "version": "2024.1|33.0.1|20231016",
            "hidden": false,
            "type": "vba",
            "code": [
                "WCS.AlignWCSWithSelected \"Point\""
            ]
        },
        {
            "caption": "define brick: component1:solid3",
            "version": "2024.1|33.0.1|20231016",
            "hidden": false,
            "type": "vba",
            "code": [
                "With Brick",
                "     .Reset ",
                "     .Name \"solid3\" ",
                "     .Component \"component1\" ",
                "     .Material \"Copper (annealed)\" ",
                "     .Xrange \"0\", \"-S3\" ",
                "     .Yrange \"0\", \"-W3-S3-W3\" ",
                "     .Zrange \"0\", \"-0.035\" ",
                "     .Create",
                "End With"
            ]
        },
        {
            "caption": "boolean subtract shapes: component1:solid1, component1:solid3",
            "version": "2024.1|33.0.1|20231016",
            "hidden": false,
            "type": "vba",
            "code": [
                "Solid.Subtract \"component1:solid1\", \"component1:solid3\""
            ]
        },
        {
            "caption": "activate global coordinates",
            "version": "2024.1|33.0.1|20231016",
            "hidden": false,
            "type": "vba",
            "code": [
                "WCS.ActivateWCS \"global\""
            ]
        },
        {
            "caption": "transform: mirror component1:Ground",
            "version": "2024.1|33.0.1|20231016",
            "hidden": false,
            "type": "vba",
            "code": [
                "With Transform ",
                "     .Reset ",
                "     .Name \"component1:Ground\" ",
                "     .Origin \"Free\" ",
                "     .Center \"0\", \"-0.5*S1\", \"0\" ",
                "     .PlaneNormal \"0\", \"-0.5*S1\", \"0\" ",
                "     .MultipleObjects \"True\" ",
                "     .GroupObjects \"False\" ",
                "     .Repetitions \"1\" ",
                "     .MultipleSelection \"True\" ",
                "     .Destination \"\" ",
                "     .Material \"\" ",
                "     .AutoDestination \"True\" ",
                "     .Transform \"Shape\", \"Mirror\" ",
                "End With"
            ]
        },
        {
            "caption": "transform: mirror component1:solid1",
            "version": "2024.1|33.0.1|20231016",
            "hidden": false,
            "type": "vba",
            "code": [
                "With Transform ",
                "     .Reset ",
                "     .Name \"component1:solid1\" ",
                "     .Origin \"Free\" ",
                "     .Center \"0\", \"-0.5*S1\", \"0\" ",
                "     .PlaneNormal \"0\", \"-0.5*S1\", \"0\" ",
                "     .MultipleObjects \"True\" ",
                "     .GroupObjects \"False\" ",
                "     .Repetitions \"1\" ",
                "     .MultipleSelection \"True\" ",
                "     .Destination \"\" ",
                "     .Material \"\" ",
                "     .AutoDestination \"True\" ",
                "     .Transform \"Shape\", \"Mirror\" ",
                "End With"
            ]
        },
        {
            "caption": "transform: mirror component1:solid2",
            "version": "2024.1|33.0.1|20231016",
            "hidden": false,
            "type": "vba",
            "code": [
                "With Transform ",
                "     .Reset ",
                "     .Name \"component1:solid2\" ",
                "     .Origin \"Free\" ",
                "     .Center \"0\", \"-0.5*S1\", \"0\" ",
                "     .PlaneNormal \"0\", \"-0.5*S1\", \"0\" ",
                "     .MultipleObjects \"True\" ",
                "     .GroupObjects \"False\" ",
                "     .Repetitions \"1\" ",
                "     .MultipleSelection \"True\" ",
                "     .Destination \"\" ",
                "     .Material \"\" ",
                "     .AutoDestination \"True\" ",
                "     .Transform \"Shape\", \"Mirror\" ",
                "End With"
            ]
        },
        {
            "caption": "transform: mirror component1:substrate",
            "version": "2024.1|33.0.1|20231016",
            "hidden": false,
            "type": "vba",
            "code": [
                "With Transform ",
                "     .Reset ",
                "     .Name \"component1:substrate\" ",
                "     .Origin \"Free\" ",
                "     .Center \"0\", \"-0.5*S1\", \"0\" ",
                "     .PlaneNormal \"0\", \"-0.5*S1\", \"0\" ",
                "     .MultipleObjects \"True\" ",
                "     .GroupObjects \"False\" ",
                "     .Repetitions \"1\" ",
                "     .MultipleSelection \"False\" ",
                "     .Destination \"\" ",
                "     .Material \"\" ",
                "     .AutoDestination \"True\" ",
                "     .Transform \"Shape\", \"Mirror\" ",
                "End With"
            ]
        },
        {
            "caption": "transform: rotate component1:Ground_1",
            "version": "2024.1|33.0.1|20231016",
            "hidden": false,
            "type": "vba",
            "code": [
                "With Transform ",
                "     .Reset ",
                "     .Name \"component1:Ground_1\" ",
                "     .Origin \"Free\" ",
                "     .Center \"0\", \"180\", \"0\" ",
                "     .Angle \"0\", \"180\", \"0\" ",
                "     .MultipleObjects \"False\" ",
                "     .GroupObjects \"False\" ",
                "     .Repetitions \"1\" ",
                "     .MultipleSelection \"True\" ",
                "     .AutoDestination \"True\" ",
                "     .Transform \"Shape\", \"Rotate\" ",
                "End With"
            ]
        },
        {
            "caption": "transform: rotate component1:solid1_1",
            "version": "2024.1|33.0.1|20231016",
            "hidden": false,
            "type": "vba",
            "code": [
                "With Transform ",
                "     .Reset ",
                "     .Name \"component1:solid1_1\" ",
                "     .Origin \"Free\" ",
                "     .Center \"0\", \"180\", \"0\" ",
                "     .Angle \"0\", \"180\", \"0\" ",
                "     .MultipleObjects \"False\" ",
                "     .GroupObjects \"False\" ",
                "     .Repetitions \"1\" ",
                "     .MultipleSelection \"True\" ",
                "     .AutoDestination \"True\" ",
                "     .Transform \"Shape\", \"Rotate\" ",
                "End With"
            ]
        },
        {
            "caption": "transform: rotate component1:solid2_1",
            "version": "2024.1|33.0.1|20231016",
            "hidden": false,
            "type": "vba",
            "code": [
                "With Transform ",
                "     .Reset ",
                "     .Name \"component1:solid2_1\" ",
                "     .Origin \"Free\" ",
                "     .Center \"0\", \"180\", \"0\" ",
                "     .Angle \"0\", \"180\", \"0\" ",
                "     .MultipleObjects \"False\" ",
                "     .GroupObjects \"False\" ",
                "     .Repetitions \"1\" ",
                "     .MultipleSelection \"True\" ",
                "     .AutoDestination \"True\" ",
                "     .Transform \"Shape\", \"Rotate\" ",
                "End With"
            ]
        },
        {
            "caption": "transform: rotate component1:substrate_1",
            "version": "2024.1|33.0.1|20231016",
            "hidden": false,
            "type": "vba",
            "code": [
                "With Transform ",
                "     .Reset ",
                "     .Name \"component1:substrate_1\" ",
                "     .Origin \"Free\" ",
                "     .Center \"0\", \"180\", \"0\" ",
                "     .Angle \"0\", \"180\", \"0\" ",
                "     .MultipleObjects \"False\" ",
                "     .GroupObjects \"False\" ",
                "     .Repetitions \"1\" ",
                "     .MultipleSelection \"False\" ",
                "     .AutoDestination \"True\" ",
                "     .Transform \"Shape\", \"Rotate\" ",
                "End With"
            ]
        },
        {
            "caption": "transform: rotate component1:Ground_1",
            "version": "2024.1|33.0.1|20231016",
            "hidden": false,
            "type": "vba",
            "code": [
                "With Transform ",
                "     .Reset ",
                "     .Name \"component1:Ground_1\" ",
                "     .Origin \"Free\" ",
                "     .Center \"180\", \"0\", \"0\" ",
                "     .Angle \"180\", \"0\", \"0\" ",
                "     .MultipleObjects \"False\" ",
                "     .GroupObjects \"False\" ",
                "     .Repetitions \"1\" ",
                "     .MultipleSelection \"True\" ",
                "     .AutoDestination \"True\" ",
                "     .Transform \"Shape\", \"Rotate\" ",
                "End With"
            ]
        },
        {
            "caption": "transform: rotate component1:solid1_1",
            "version": "2024.1|33.0.1|20231016",
            "hidden": false,
            "type": "vba",
            "code": [
                "With Transform ",
                "     .Reset ",
                "     .Name \"component1:solid1_1\" ",
                "     .Origin \"Free\" ",
                "     .Center \"180\", \"0\", \"0\" ",
                "     .Angle \"180\", \"0\", \"0\" ",
                "     .MultipleObjects \"False\" ",
                "     .GroupObjects \"False\" ",
                "     .Repetitions \"1\" ",
                "     .MultipleSelection \"True\" ",
                "     .AutoDestination \"True\" ",
                "     .Transform \"Shape\", \"Rotate\" ",
                "End With"
            ]
        },
        {
            "caption": "transform: rotate component1:solid2_1",
            "version": "2024.1|33.0.1|20231016",
            "hidden": false,
            "type": "vba",
            "code": [
                "With Transform ",
                "     .Reset ",
                "     .Name \"component1:solid2_1\" ",
                "     .Origin \"Free\" ",
                "     .Center \"180\", \"0\", \"0\" ",
                "     .Angle \"180\", \"0\", \"0\" ",
                "     .MultipleObjects \"False\" ",
                "     .GroupObjects \"False\" ",
                "     .Repetitions \"1\" ",
                "     .MultipleSelection \"True\" ",
                "     .AutoDestination \"True\" ",
                "     .Transform \"Shape\", \"Rotate\" ",
                "End With"
            ]
        },
        {
            "caption": "transform: rotate component1:substrate_1",
            "version": "2024.1|33.0.1|20231016",
            "hidden": false,
            "type": "vba",
            "code": [
                "With Transform ",
                "     .Reset ",
                "     .Name \"component1:substrate_1\" ",
                "     .Origin \"Free\" ",
                "     .Center \"180\", \"0\", \"0\" ",
                "     .Angle \"180\", \"0\", \"0\" ",
                "     .MultipleObjects \"False\" ",
                "     .GroupObjects \"False\" ",
                "     .Repetitions \"1\" ",
                "     .MultipleSelection \"False\" ",
                "     .AutoDestination \"True\" ",
                "     .Transform \"Shape\", \"Rotate\" ",
                "End With"
            ]
        },
        {
            "caption": "delete shapes",
            "version": "2024.1|33.0.1|20231016",
            "hidden": false,
            "type": "vba",
            "code": [
                "Solid.Delete \"component1:Ground_1\" ",
                "Solid.Delete \"component1:solid1_1\" ",
                "Solid.Delete \"component1:solid2_1\" ",
                "Solid.Delete \"component1:substrate_1\""
            ]
        },
        {
            "caption": "transform: mirror component1:Ground",
            "version": "2024.1|33.0.1|20231016",
            "hidden": false,
            "type": "vba",
            "code": [
                "With Transform ",
                "     .Reset ",
                "     .Name \"component1:Ground\" ",
                "     .Origin \"Free\" ",
                "     .Center \"0\", \"-0.5*S1\", \"0\" ",
                "     .PlaneNormal \"0\", \"-0.5*S1\", \"0\" ",
                "     .MultipleObjects \"True\" ",
                "     .GroupObjects \"False\" ",
                "     .Repetitions \"1\" ",
                "     .MultipleSelection \"True\" ",
                "     .Destination \"\" ",
                "     .Material \"\" ",
                "     .AutoDestination \"True\" ",
                "     .Transform \"Shape\", \"Mirror\" ",
                "End With"
            ]
        },
        {
            "caption": "transform: mirror component1:solid1",
            "version": "2024.1|33.0.1|20231016",
            "hidden": false,
            "type": "vba",
            "code": [
                "With Transform ",
                "     .Reset ",
                "     .Name \"component1:solid1\" ",
                "     .Origin \"Free\" ",
                "     .Center \"0\", \"-0.5*S1\", \"0\" ",
                "     .PlaneNormal \"0\", \"-0.5*S1\", \"0\" ",
                "     .MultipleObjects \"True\" ",
                "     .GroupObjects \"False\" ",
                "     .Repetitions \"1\" ",
                "     .MultipleSelection \"True\" ",
                "     .Destination \"\" ",
                "     .Material \"\" ",
                "     .AutoDestination \"True\" ",
                "     .Transform \"Shape\", \"Mirror\" ",
                "End With"
            ]
        },
        {
            "caption": "transform: mirror component1:solid2",
            "version": "2024.1|33.0.1|20231016",
            "hidden": false,
            "type": "vba",
            "code": [
                "With Transform ",
                "     .Reset ",
                "     .Name \"component1:solid2\" ",
                "     .Origin \"Free\" ",
                "     .Center \"0\", \"-0.5*S1\", \"0\" ",
                "     .PlaneNormal \"0\", \"-0.5*S1\", \"0\" ",
                "     .MultipleObjects \"True\" ",
                "     .GroupObjects \"False\" ",
                "     .Repetitions \"1\" ",
                "     .MultipleSelection \"True\" ",
                "     .Destination \"\" ",
                "     .Material \"\" ",
                "     .AutoDestination \"True\" ",
                "     .Transform \"Shape\", \"Mirror\" ",
                "End With"
            ]
        },
        {
            "caption": "transform: mirror component1:substrate",
            "version": "2024.1|33.0.1|20231016",
            "hidden": false,
            "type": "vba",
            "code": [
                "With Transform ",
                "     .Reset ",
                "     .Name \"component1:substrate\" ",
                "     .Origin \"Free\" ",
                "     .Center \"0\", \"-0.5*S1\", \"0\" ",
                "     .PlaneNormal \"0\", \"-0.5*S1\", \"0\" ",
                "     .MultipleObjects \"True\" ",
                "     .GroupObjects \"False\" ",
                "     .Repetitions \"1\" ",
                "     .MultipleSelection \"False\" ",
                "     .Destination \"\" ",
                "     .Material \"\" ",
                "     .AutoDestination \"True\" ",
                "     .Transform \"Shape\", \"Mirror\" ",
                "End With"
            ]
        },
        {
            "caption": "transform: rotate component1:Ground_1",
            "version": "2024.1|33.0.1|20231016",
            "hidden": false,
            "type": "vba",
            "code": [
                "With Transform ",
                "     .Reset ",
                "     .Name \"component1:Ground_1\" ",
                "     .Origin \"Free\" ",
                "     .Center \"0\", \"0\", \"0\" ",
                "     .Angle \"0\", \"180\", \"0\" ",
                "     .MultipleObjects \"False\" ",
                "     .GroupObjects \"False\" ",
                "     .Repetitions \"1\" ",
                "     .MultipleSelection \"True\" ",
                "     .AutoDestination \"True\" ",
                "     .Transform \"Shape\", \"Rotate\" ",
                "End With"
            ]
        },
        {
            "caption": "transform: rotate component1:solid1_1",
            "version": "2024.1|33.0.1|20231016",
            "hidden": false,
            "type": "vba",
            "code": [
                "With Transform ",
                "     .Reset ",
                "     .Name \"component1:solid1_1\" ",
                "     .Origin \"Free\" ",
                "     .Center \"0\", \"0\", \"0\" ",
                "     .Angle \"0\", \"180\", \"0\" ",
                "     .MultipleObjects \"False\" ",
                "     .GroupObjects \"False\" ",
                "     .Repetitions \"1\" ",
                "     .MultipleSelection \"True\" ",
                "     .AutoDestination \"True\" ",
                "     .Transform \"Shape\", \"Rotate\" ",
                "End With"
            ]
        },
        {
            "caption": "transform: rotate component1:solid2_1",
            "version": "2024.1|33.0.1|20231016",
            "hidden": false,
            "type": "vba",
            "code": [
                "With Transform ",
                "     .Reset ",
                "     .Name \"component1:solid2_1\" ",
                "     .Origin \"Free\" ",
                "     .Center \"0\", \"0\", \"0\" ",
                "     .Angle \"0\", \"180\", \"0\" ",
                "     .MultipleObjects \"False\" ",
                "     .GroupObjects \"False\" ",
                "     .Repetitions \"1\" ",
                "     .MultipleSelection \"True\" ",
                "     .AutoDestination \"True\" ",
                "     .Transform \"Shape\", \"Rotate\" ",
                "End With"
            ]
        },
        {
            "caption": "transform: rotate component1:substrate_1",
            "version": "2024.1|33.0.1|20231016",
            "hidden": false,
            "type": "vba",
            "code": [
                "With Transform ",
                "     .Reset ",
                "     .Name \"component1:substrate_1\" ",
                "     .Origin \"Free\" ",
                "     .Center \"0\", \"0\", \"0\" ",
                "     .Angle \"0\", \"180\", \"0\" ",
                "     .MultipleObjects \"False\" ",
                "     .GroupObjects \"False\" ",
                "     .Repetitions \"1\" ",
                "     .MultipleSelection \"False\" ",
                "     .AutoDestination \"True\" ",
                "     .Transform \"Shape\", \"Rotate\" ",
                "End With"
            ]
        },
        {
            "caption": "transform: rotate component1:Ground_1",
            "version": "2024.1|33.0.1|20231016",
            "hidden": false,
            "type": "vba",
            "code": [
                "With Transform ",
                "     .Reset ",
                "     .Name \"component1:Ground_1\" ",
                "     .Origin \"Free\" ",
                "     .Center \"0\", \"0\", \"0\" ",
                "     .Angle \"180\", \"0\", \"0\" ",
                "     .MultipleObjects \"False\" ",
                "     .GroupObjects \"False\" ",
                "     .Repetitions \"1\" ",
                "     .MultipleSelection \"True\" ",
                "     .AutoDestination \"True\" ",
                "     .Transform \"Shape\", \"Rotate\" ",
                "End With"
            ]
        },
        {
            "caption": "transform: rotate component1:solid1_1",
            "version": "2024.1|33.0.1|20231016",
            "hidden": false,
            "type": "vba",
            "code": [
                "With Transform ",
                "     .Reset ",
                "     .Name \"component1:solid1_1\" ",
                "     .Origin \"Free\" ",
                "     .Center \"0\", \"0\", \"0\" ",
                "     .Angle \"180\", \"0\", \"0\" ",
                "     .MultipleObjects \"False\" ",
                "     .GroupObjects \"False\" ",
                "     .Repetitions \"1\" ",
                "     .MultipleSelection \"True\" ",
                "     .AutoDestination \"True\" ",
                "     .Transform \"Shape\", \"Rotate\" ",
                "End With"
            ]
        },
        {
            "caption": "transform: rotate component1:solid2_1",
            "version": "2024.1|33.0.1|20231016",
            "hidden": false,
            "type": "vba",
            "code": [
                "With Transform ",
                "     .Reset ",
                "     .Name \"component1:solid2_1\" ",
                "     .Origin \"Free\" ",
                "     .Center \"0\", \"0\", \"0\" ",
                "     .Angle \"180\", \"0\", \"0\" ",
                "     .MultipleObjects \"False\" ",
                "     .GroupObjects \"False\" ",
                "     .Repetitions \"1\" ",
                "     .MultipleSelection \"True\" ",
                "     .AutoDestination \"True\" ",
                "     .Transform \"Shape\", \"Rotate\" ",
                "End With"
            ]
        },
        {
            "caption": "transform: rotate component1:substrate_1",
            "version": "2024.1|33.0.1|20231016",
            "hidden": false,
            "type": "vba",
            "code": [
                "With Transform ",
                "     .Reset ",
                "     .Name \"component1:substrate_1\" ",
                "     .Origin \"Free\" ",
                "     .Center \"0\", \"0\", \"0\" ",
                "     .Angle \"180\", \"0\", \"0\" ",
                "     .MultipleObjects \"False\" ",
                "     .GroupObjects \"False\" ",
                "     .Repetitions \"1\" ",
                "     .MultipleSelection \"False\" ",
                "     .AutoDestination \"True\" ",
                "     .Transform \"Shape\", \"Rotate\" ",
                "End With"
            ]
        },
        {
            "caption": "transform: mirror component1:Ground_1",
            "version": "2024.1|33.0.1|20231016",
            "hidden": false,
            "type": "vba",
            "code": [
                "With Transform ",
                "     .Reset ",
                "     .Name \"component1:Ground_1\" ",
                "     .Origin \"Free\" ",
                "     .Center \"0\", \"-0.5*S1\", \"0\" ",
                "     .PlaneNormal \"0\", \"-0.5*S1\", \"0\" ",
                "     .MultipleObjects \"False\" ",
                "     .GroupObjects \"False\" ",
                "     .Repetitions \"1\" ",
                "     .MultipleSelection \"True\" ",
                "     .AutoDestination \"True\" ",
                "     .Transform \"Shape\", \"Mirror\" ",
                "End With"
            ]
        },
        {
            "caption": "transform: mirror component1:solid1_1",
            "version": "2024.1|33.0.1|20231016",
            "hidden": false,
            "type": "vba",
            "code": [
                "With Transform ",
                "     .Reset ",
                "     .Name \"component1:solid1_1\" ",
                "     .Origin \"Free\" ",
                "     .Center \"0\", \"-0.5*S1\", \"0\" ",
                "     .PlaneNormal \"0\", \"-0.5*S1\", \"0\" ",
                "     .MultipleObjects \"False\" ",
                "     .GroupObjects \"False\" ",
                "     .Repetitions \"1\" ",
                "     .MultipleSelection \"True\" ",
                "     .AutoDestination \"True\" ",
                "     .Transform \"Shape\", \"Mirror\" ",
                "End With"
            ]
        },
        {
            "caption": "transform: mirror component1:solid2_1",
            "version": "2024.1|33.0.1|20231016",
            "hidden": false,
            "type": "vba",
            "code": [
                "With Transform ",
                "     .Reset ",
                "     .Name \"component1:solid2_1\" ",
                "     .Origin \"Free\" ",
                "     .Center \"0\", \"-0.5*S1\", \"0\" ",
                "     .PlaneNormal \"0\", \"-0.5*S1\", \"0\" ",
                "     .MultipleObjects \"False\" ",
                "     .GroupObjects \"False\" ",
                "     .Repetitions \"1\" ",
                "     .MultipleSelection \"True\" ",
                "     .AutoDestination \"True\" ",
                "     .Transform \"Shape\", \"Mirror\" ",
                "End With"
            ]
        },
        {
            "caption": "transform: mirror component1:substrate_1",
            "version": "2024.1|33.0.1|20231016",
            "hidden": false,
            "type": "vba",
            "code": [
                "With Transform ",
                "     .Reset ",
                "     .Name \"component1:substrate_1\" ",
                "     .Origin \"Free\" ",
                "     .Center \"0\", \"-0.5*S1\", \"0\" ",
                "     .PlaneNormal \"0\", \"-0.5*S1\", \"0\" ",
                "     .MultipleObjects \"False\" ",
                "     .GroupObjects \"False\" ",
                "     .Repetitions \"1\" ",
                "     .MultipleSelection \"False\" ",
                "     .AutoDestination \"True\" ",
                "     .Transform \"Shape\", \"Mirror\" ",
                "End With"
            ]
        },
        {
            "caption": "transform: translate component1:Ground_1",
            "version": "2024.1|33.0.1|20231016",
            "hidden": false,
            "type": "vba",
            "code": [
                "With Transform ",
                "     .Reset ",
                "     .Name \"component1:Ground_1\" ",
                "     .Vector \"50\", \"0\", \"0\" ",
                "     .UsePickedPoints \"False\" ",
                "     .InvertPickedPoints \"False\" ",
                "     .MultipleObjects \"False\" ",
                "     .GroupObjects \"False\" ",
                "     .Repetitions \"1\" ",
                "     .MultipleSelection \"True\" ",
                "     .AutoDestination \"True\" ",
                "     .Transform \"Shape\", \"Translate\" ",
                "End With"
            ]
        },
        {
            "caption": "transform: translate component1:solid1_1",
            "version": "2024.1|33.0.1|20231016",
            "hidden": false,
            "type": "vba",
            "code": [
                "With Transform ",
                "     .Reset ",
                "     .Name \"component1:solid1_1\" ",
                "     .Vector \"50\", \"0\", \"0\" ",
                "     .UsePickedPoints \"False\" ",
                "     .InvertPickedPoints \"False\" ",
                "     .MultipleObjects \"False\" ",
                "     .GroupObjects \"False\" ",
                "     .Repetitions \"1\" ",
                "     .MultipleSelection \"True\" ",
                "     .AutoDestination \"True\" ",
                "     .Transform \"Shape\", \"Translate\" ",
                "End With"
            ]
        },
        {
            "caption": "transform: translate component1:solid2_1",
            "version": "2024.1|33.0.1|20231016",
            "hidden": false,
            "type": "vba",
            "code": [
                "With Transform ",
                "     .Reset ",
                "     .Name \"component1:solid2_1\" ",
                "     .Vector \"50\", \"0\", \"0\" ",
                "     .UsePickedPoints \"False\" ",
                "     .InvertPickedPoints \"False\" ",
                "     .MultipleObjects \"False\" ",
                "     .GroupObjects \"False\" ",
                "     .Repetitions \"1\" ",
                "     .MultipleSelection \"True\" ",
                "     .AutoDestination \"True\" ",
                "     .Transform \"Shape\", \"Translate\" ",
                "End With"
            ]
        },
        {
            "caption": "transform: translate component1:substrate_1",
            "version": "2024.1|33.0.1|20231016",
            "hidden": false,
            "type": "vba",
            "code": [
                "With Transform ",
                "     .Reset ",
                "     .Name \"component1:substrate_1\" ",
                "     .Vector \"50\", \"0\", \"0\" ",
                "     .UsePickedPoints \"False\" ",
                "     .InvertPickedPoints \"False\" ",
                "     .MultipleObjects \"False\" ",
                "     .GroupObjects \"False\" ",
                "     .Repetitions \"1\" ",
                "     .MultipleSelection \"False\" ",
                "     .AutoDestination \"True\" ",
                "     .Transform \"Shape\", \"Translate\" ",
                "End With"
            ]
        },
        {
            "caption": "transform: translate component1:Ground_1",
            "version": "2024.1|33.0.1|20231016",
            "hidden": false,
            "type": "vba",
            "code": [
                "With Transform ",
                "     .Reset ",
                "     .Name \"component1:Ground_1\" ",
                "     .Vector \"0\", \"S1\", \"0\" ",
                "     .UsePickedPoints \"False\" ",
                "     .InvertPickedPoints \"False\" ",
                "     .MultipleObjects \"False\" ",
                "     .GroupObjects \"False\" ",
                "     .Repetitions \"1\" ",
                "     .MultipleSelection \"True\" ",
                "     .AutoDestination \"True\" ",
                "     .Transform \"Shape\", \"Translate\" ",
                "End With"
            ]
        },
        {
            "caption": "transform: translate component1:solid1_1",
            "version": "2024.1|33.0.1|20231016",
            "hidden": false,
            "type": "vba",
            "code": [
                "With Transform ",
                "     .Reset ",
                "     .Name \"component1:solid1_1\" ",
                "     .Vector \"0\", \"S1\", \"0\" ",
                "     .UsePickedPoints \"False\" ",
                "     .InvertPickedPoints \"False\" ",
                "     .MultipleObjects \"False\" ",
                "     .GroupObjects \"False\" ",
                "     .Repetitions \"1\" ",
                "     .MultipleSelection \"True\" ",
                "     .AutoDestination \"True\" ",
                "     .Transform \"Shape\", \"Translate\" ",
                "End With"
            ]
        },
        {
            "caption": "transform: translate component1:solid2_1",
            "version": "2024.1|33.0.1|20231016",
            "hidden": false,
            "type": "vba",
            "code": [
                "With Transform ",
                "     .Reset ",
                "     .Name \"component1:solid2_1\" ",
                "     .Vector \"0\", \"S1\", \"0\" ",
                "     .UsePickedPoints \"False\" ",
                "     .InvertPickedPoints \"False\" ",
                "     .MultipleObjects \"False\" ",
                "     .GroupObjects \"False\" ",
                "     .Repetitions \"1\" ",
                "     .MultipleSelection \"True\" ",
                "     .AutoDestination \"True\" ",
                "     .Transform \"Shape\", \"Translate\" ",
                "End With"
            ]
        },
        {
            "caption": "transform: translate component1:substrate_1",
            "version": "2024.1|33.0.1|20231016",
            "hidden": false,
            "type": "vba",
            "code": [
                "With Transform ",
                "     .Reset ",
                "     .Name \"component1:substrate_1\" ",
                "     .Vector \"0\", \"S1\", \"0\" ",
                "     .UsePickedPoints \"False\" ",
                "     .InvertPickedPoints \"False\" ",
                "     .MultipleObjects \"False\" ",
                "     .GroupObjects \"False\" ",
                "     .Repetitions \"1\" ",
                "     .MultipleSelection \"False\" ",
                "     .AutoDestination \"True\" ",
                "     .Transform \"Shape\", \"Translate\" ",
                "End With"
            ]
        },
        {
            "caption": "transform: translate component1:Ground_1",
            "version": "2024.1|33.0.1|20231016",
            "hidden": false,
            "type": "vba",
            "code": [
                "With Transform ",
                "     .Reset ",
                "     .Name \"component1:Ground_1\" ",
                "     .Vector \"L1-L2-5-S3\", \"0\", \"0\" ",
                "     .UsePickedPoints \"False\" ",
                "     .InvertPickedPoints \"False\" ",
                "     .MultipleObjects \"False\" ",
                "     .GroupObjects \"False\" ",
                "     .Repetitions \"1\" ",
                "     .MultipleSelection \"True\" ",
                "     .AutoDestination \"True\" ",
                "     .Transform \"Shape\", \"Translate\" ",
                "End With"
            ]
        },
        {
            "caption": "transform: translate component1:solid1_1",
            "version": "2024.1|33.0.1|20231016",
            "hidden": false,
            "type": "vba",
            "code": [
                "With Transform ",
                "     .Reset ",
                "     .Name \"component1:solid1_1\" ",
                "     .Vector \"L1-L2-5-S3\", \"0\", \"0\" ",
                "     .UsePickedPoints \"False\" ",
                "     .InvertPickedPoints \"False\" ",
                "     .MultipleObjects \"False\" ",
                "     .GroupObjects \"False\" ",
                "     .Repetitions \"1\" ",
                "     .MultipleSelection \"True\" ",
                "     .AutoDestination \"True\" ",
                "     .Transform \"Shape\", \"Translate\" ",
                "End With"
            ]
        },
        {
            "caption": "transform: translate component1:solid2_1",
            "version": "2024.1|33.0.1|20231016",
            "hidden": false,
            "type": "vba",
            "code": [
                "With Transform ",
                "     .Reset ",
                "     .Name \"component1:solid2_1\" ",
                "     .Vector \"L1-L2-5-S3\", \"0\", \"0\" ",
                "     .UsePickedPoints \"False\" ",
                "     .InvertPickedPoints \"False\" ",
                "     .MultipleObjects \"False\" ",
                "     .GroupObjects \"False\" ",
                "     .Repetitions \"1\" ",
                "     .MultipleSelection \"True\" ",
                "     .AutoDestination \"True\" ",
                "     .Transform \"Shape\", \"Translate\" ",
                "End With"
            ]
        },
        {
            "caption": "transform: translate component1:substrate_1",
            "version": "2024.1|33.0.1|20231016",
            "hidden": false,
            "type": "vba",
            "code": [
                "With Transform ",
                "     .Reset ",
                "     .Name \"component1:substrate_1\" ",
                "     .Vector \"L1-L2-5-S3\", \"0\", \"0\" ",
                "     .UsePickedPoints \"False\" ",
                "     .InvertPickedPoints \"False\" ",
                "     .MultipleObjects \"False\" ",
                "     .GroupObjects \"False\" ",
                "     .Repetitions \"1\" ",
                "     .MultipleSelection \"False\" ",
                "     .AutoDestination \"True\" ",
                "     .Transform \"Shape\", \"Translate\" ",
                "End With"
            ]
        },
        {
            "caption": "pick face",
            "version": "2024.1|33.0.1|20231016",
            "hidden": false,
            "type": "vba",
            "code": [
                "Pick.PickFaceFromId \"component1:solid2\", \"10\""
            ]
        },
        {
            "caption": "define port:1",
            "version": "2024.1|33.0.1|20231016",
            "hidden": false,
            "type": "vba",
            "code": [
                "' Port constructed by macro Solver -> Ports -> Calculate port extension coefficient\r",
                "\r",
                "\r",
                "With Port\r",
                "  .Reset\r",
                "  .PortNumber \"1\"\r",
                "  .NumberOfModes \"1\"\r",
                "  .AdjustPolarization False\r",
                "  .PolarizationAngle \"0.0\"\r",
                "  .ReferencePlaneDistance \"0\"\r",
                "  .TextSize \"50\"\r",
                "  .Coordinates \"Picks\"\r",
                "  .Orientation \"Positive\"\r",
                "  .PortOnBound \"True\"\r",
                "  .ClipPickedPortToBound \"False\"\r",
                "  .XrangeAdd \"0\", \"0\"\r",
                "  .YrangeAdd \"0.8*7.07\", \"0.8*7.07\"\r",
                "  .ZrangeAdd \"0.8\", \"0.8*7.07\"\r",
                "  .Shield \"PEC\"\r",
                "  .SingleEnded \"False\"\r",
                "  .Create\r",
                "End With"
            ]
        },
        {
            "caption": "pick face",
            "version": "2024.1|33.0.1|20231016",
            "hidden": false,
            "type": "vba",
            "code": [
                "Pick.PickFaceFromId \"component1:solid2_1\", \"10\""
            ]
        },
        {
            "caption": "define port:2",
            "version": "2024.1|33.0.1|20231016",
            "hidden": false,
            "type": "vba",
            "code": [
                "' Port constructed by macro Solver -> Ports -> Calculate port extension coefficient\r",
                "\r",
                "\r",
                "With Port\r",
                "  .Reset\r",
                "  .PortNumber \"2\"\r",
                "  .NumberOfModes \"1\"\r",
                "  .AdjustPolarization False\r",
                "  .PolarizationAngle \"0.0\"\r",
                "  .ReferencePlaneDistance \"0\"\r",
                "  .TextSize \"50\"\r",
                "  .Coordinates \"Picks\"\r",
                "  .Orientation \"Positive\"\r",
                "  .PortOnBound \"True\"\r",
                "  .ClipPickedPortToBound \"False\"\r",
                "  .XrangeAdd \"0\", \"0\"\r",
                "  .YrangeAdd \"0.799999999999991*7.07\", \"0.799999999999991*7.07\"\r",
                "  .ZrangeAdd \"0.799999999999991\", \"0.799999999999991*7.07\"\r",
                "  .Shield \"PEC\"\r",
                "  .SingleEnded \"False\"\r",
                "  .Create\r",
                "End With"
            ]
        },
        {
            "caption": "define frequency range",
            "version": "2024.1|33.0.1|20231016",
            "hidden": false,
            "type": "vba",
            "code": [
                "Solver.FrequencyRange \"1\", \"3\""
            ]
        },
        {
            "caption": "define time domain solver parameters",
            "version": "2024.1|33.0.1|20231016",
            "hidden": false,
            "type": "vba",
            "code": [
                "Mesh.SetCreator \"High Frequency\" ",
                "",
                "With Solver ",
                "     .Method \"Hexahedral\"",
                "     .CalculationType \"TD-S\"",
                "     .StimulationPort \"All\"",
                "     .StimulationMode \"All\"",
                "     .SteadyStateLimit \"-40\"",
                "     .MeshAdaption \"False\"",
                "     .AutoNormImpedance \"False\"",
                "     .NormingImpedance \"50\"",
                "     .CalculateModesOnly \"False\"",
                "     .SParaSymmetry \"False\"",
                "     .StoreTDResultsInCache  \"False\"",
                "     .RunDiscretizerOnly \"False\"",
                "     .FullDeembedding \"False\"",
                "     .SuperimposePLWExcitation \"False\"",
                "     .UseSensitivityAnalysis \"False\"",
                "End With"
            ]
        },
        {
            "caption": "set PBA version",
            "version": "2024.1|33.0.1|20231016",
            "hidden": false,
            "type": "vba",
            "code": [
                "Discretizer.PBAVersion \"2023101624\""
            ]
        }
    ]
}