{
    "date": "2025-06-09, 3:35:17 AM, SE Asia Standard Time",
    "solver_runs_and_tasks": {
        "module_name": "standard simulation project",
        "solver_run": {
            "license_and_hardware_request": {
                "in_use": true,
                "license_type": "CST legacy token",
                "mpi": {
                    "consistency_check": true,
                    "num_different_mpi_nodes": 0,
                    "num_local_mpi_nodes": 0,
                    "num_mpi_nodes": 0
                },
                "num_cpu_sockets": 1,
                "num_dc_nodes": 0,
                "num_gpus": 0,
                "num_physical_cores": -1,
                "num_threads": 1024
            },
            "opt_par_run_id": -1,
            "return_code": 7,
            "solver_hwacc_usage": {
                "info": "gathered from solver run",
                "mpi": {
                    "consistency_check": true,
                    "num_different_mpi_nodes": 0,
                    "num_local_mpi_nodes": 0,
                    "num_mpi_nodes": 0
                },
                "num_cpu_sockets": 1,
                "num_dc_nodes": 0,
                "num_gpus": 0,
                "num_threads_or_physical_cores": 2
            },
            "solver_used": "HF Time Domain (Hex)",
            "task_name": "port mode",
            "time_info": {
                "details": {
                    "discretizer": 0,
                    "solver": 0
                },
                "run_time": 6
            }
        }
    },
    "studio-version": "2024.1 Release from 2023-10-16 (change 1181985)",
    "version": 1
}